Date,Day,Title,Slug,Keyword,Intent,WordCount,CTA,Tags,PillarLink
2025-10-20,Mon,Vinyl vs Mesh Banners: Which Is Right for Your Project?,vinyl-vs-mesh-banners-guide,vinyl vs mesh banners,Commercial,1400,Order Your Banner — 24-Hour Production + Free Next-Day Air,"Materials,Comparison,Outdoor",custom-vinyl-banners-ultimate-guide
2025-10-22,Wed,Best Banner Sizes for 10×10 and 10×20 Trade Show Booths,trade-show-banner-sizes-guide,trade show banner sizes,Informational,1300,Upload Artwork for a Free File Check,"Trade Shows,Sizing,Events",trade-show-signage-101-guide
2025-10-24,Fri,How to Prepare Print-Ready Artwork for Vinyl Banners,print-ready-banner-artwork-guide,print ready banner artwork,Informational,1500,Upload Artwork for a Free File Check,"Design,How-To,Artwork",banner-artwork-design-guide
2025-10-27,Mon,Rush Banner Printing: From Upload to Ship in 24 Hours,24-hour-rush-banner-printing,rush banner printing,Commercial,1200,Need it Rush? Start Your Order by 3 PM ET Today,"Rush Orders,Shipping,Production",custom-vinyl-banners-ultimate-guide
2025-10-29,Wed,Fence Banners: Design Permitting & Wind Load Tips,fence-banners-design-permitting-guide,fence banners,Informational,1600,Order Your Banner — 24-Hour Production + Free Next-Day Air,"Outdoor,Construction,Mesh Banners",mesh-banners-outdoor-fence-guide
2025-10-31,Fri,Grommets vs Pole Pockets vs Hemming: What to Choose,grommets-pole-pockets-hemming-guide,banner grommets vs pole pockets,Informational,1400,Upload Artwork for a Free File Check,"Finishing,Installation,How-To",custom-vinyl-banners-ultimate-guide
2025-11-03,Mon,Real Estate Open House Banners: Templates & Fast Turnaround,real-estate-open-house-banners,real estate open house banners,Commercial,1300,Order Your Banner — 24-Hour Production + Free Next-Day Air,"Real Estate,Templates,Commercial",custom-vinyl-banners-ultimate-guide
2025-11-05,Wed,Trade Show Banner Checklist: Don't Forget These 9 Things,trade-show-banner-checklist,trade show banner checklist,Informational,1500,Need it Rush? Start Your Order by 3 PM ET Today,"Trade Shows,Checklist,Events",trade-show-signage-101-guide
2025-11-07,Fri,Color Accuracy for CMYK Banners (Without a Designer),color-accuracy-cmyk-banners,cmyk banner color accuracy,Informational,1400,Upload Artwork for a Free File Check,"Design,Color,Technical",banner-artwork-design-guide
2025-11-10,Mon,Event Banners for Schools & Sports: Schedules Seniors Sponsors,school-sports-event-banners,school sports banners,Commercial,1400,Order Your Banner — 24-Hour Production + Free Next-Day Air,"Schools,Sports,Events",custom-vinyl-banners-ultimate-guide
2025-11-12,Wed,Outdoor Banner Durability: Materials UV and Care,outdoor-banner-durability-guide,outdoor banner durability,Informational,1600,Order Your Banner — 24-Hour Production + Free Next-Day Air,"Outdoor,Durability,Materials",custom-vinyl-banners-ultimate-guide
2025-11-14,Fri,Design Tips: Readable From 10 20 50 Feet,banner-design-readability-tips,banner readability distance,Informational,1500,Upload Artwork for a Free File Check,"Design,Typography,How-To",banner-artwork-design-guide
2025-11-17,Mon,Political Campaign Banners: Compliance Sizes & Fast Delivery,political-campaign-banners-guide,political campaign banners,Commercial,1300,Need it Rush? Start Your Order by 3 PM ET Today,"Political,Seasonal,Commercial",custom-vinyl-banners-ultimate-guide
2025-11-19,Wed,Holiday Retail Banners: Black Friday to New Year Sales,holiday-retail-sale-banners,holiday sale banners,Commercial,1400,Order Your Banner — 24-Hour Production + Free Next-Day Air,"Retail,Seasonal,Holidays",custom-vinyl-banners-ultimate-guide
2025-11-21,Fri,Grand Opening Banners: Sizes Placement & Design Ideas,grand-opening-banners-guide,grand opening banners,Commercial,1300,Order Your Banner — 24-Hour Production + Free Next-Day Air,"Business,Events,Commercial",custom-vinyl-banners-ultimate-guide
2025-11-24,Mon,Safety Banners for Construction Sites: OSHA & Messaging,construction-safety-banners-osha,construction safety banners,Commercial,1400,Order Your Banner — 24-Hour Production + Free Next-Day Air,"Construction,Safety,Outdoor",mesh-banners-outdoor-fence-guide
2025-11-26,Wed,Sponsor Walls & Step-and-Repeat Banners for Events,sponsor-wall-step-repeat-banners,step and repeat banners,Commercial,1500,Upload Artwork for a Free File Check,"Events,Sponsors,Backdrops",trade-show-signage-101-guide
2025-11-28,Fri,Retractable Banner Stands: Portable Trade Show Displays,retractable-banner-stands-guide,retractable banner stands,Commercial,1400,Order Your Banner — 24-Hour Production + Free Next-Day Air,"Trade Shows,Portable,Displays",trade-show-signage-101-guide
2025-12-01,Mon,Church Banners: Easter Christmas & Year-Round Messaging,church-banners-seasonal-messaging,church banners,Commercial,1300,Order Your Banner — 24-Hour Production + Free Next-Day Air,"Religious,Seasonal,Indoor",custom-vinyl-banners-ultimate-guide
2025-12-03,Wed,Restaurant Banners: Menu Boards Specials & Outdoor Signage,restaurant-banners-menu-boards,restaurant banners,Commercial,1400,Order Your Banner — 24-Hour Production + Free Next-Day Air,"Restaurant,Business,Outdoor",custom-vinyl-banners-ultimate-guide
2025-12-05,Fri,Birthday Party Banners: Custom Designs & Fast Shipping,birthday-party-custom-banners,birthday party banners,Commercial,1200,Need it Rush? Start Your Order by 3 PM ET Today,"Personal,Events,Custom",custom-vinyl-banners-ultimate-guide
2025-12-08,Mon,Garage Sale & Yard Sale Banners: Maximize Visibility,garage-sale-yard-sale-banners,garage sale banners,Commercial,1200,Order Your Banner — 24-Hour Production + Free Next-Day Air,"Personal,Outdoor,Directional",custom-vinyl-banners-ultimate-guide
2025-12-10,Wed,Nonprofit & Fundraiser Banners: Awareness & Donor Recognition,nonprofit-fundraiser-banners,nonprofit fundraiser banners,Commercial,1400,Order Your Banner — 24-Hour Production + Free Next-Day Air,"Nonprofit,Events,Fundraising",custom-vinyl-banners-ultimate-guide
2025-12-12,Fri,Apartment & Property Management Banners: Leasing & Amenities,apartment-property-management-banners,apartment leasing banners,Commercial,1300,Order Your Banner — 24-Hour Production + Free Next-Day Air,"Real Estate,Property,Commercial",custom-vinyl-banners-ultimate-guide
